t_mag,m_X,m_Y,m_Z
0.02000000,24.19045103,2.72301662,38.33336464
0.07000000,23.60531397,3.16176285,38.00394096
0.12000000,24.61743269,3.98566954,37.74673134
0.17000000,24.48942894,3.16448911,37.93206262
0.22000000,24.78157507,3.97435568,38.79932087
0.27000000,23.73750740,3.70136730,37.77572080
0.32000000,25.13603451,3.68140996,37.81390219
0.37000000,24.45905387,2.06496355,38.04264717
0.42000000,24.31360257,2.42895696,36.79818706
0.47000000,24.63475872,3.50409011,37.83654934
0.52000000,23.52059516,2.60368698,38.64260817
0.57000000,23.86884378,2.67320706,38.50181787
0.62000000,23.58918870,3.72973531,38.77787317
0.67000000,24.16425528,3.09975097,38.45512040
0.72000000,23.93692522,3.42046603,38.76619829
0.77000000,24.33913605,2.93081883,37.41995742
0.82000000,24.19172618,2.69784337,38.70568671
0.87000000,24.05382240,3.37855669,37.75445658
0.92000000,24.56924863,3.57324750,37.88764654
0.97000000,25.12826413,3.76064509,38.29943986
1.02000000,24.60074285,3.20966246,37.79947240
1.07000000,25.39599314,3.32420818,36.97619309
1.12000000,24.19209057,2.75296202,37.29770708
1.17000000,24.73548021,2.76820727,37.95298842
1.22000000,24.25168882,4.25457338,37.76063623
1.27000000,25.00074003,3.61493896,38.51532093
1.32000000,24.21125659,3.15134124,37.77677553
1.37000000,23.99628594,3.25097089,38.29680208
1.42000000,24.39729992,2.82209599,38.07854434
1.47000000,23.94729413,3.07960481,37.34502525
1.52000000,23.15568607,2.90708402,38.54646007
1.57000000,23.73981890,3.85536745,38.95419683
1.62000000,23.97554417,2.70032085,38.13696918
1.67000000,24.72004259,2.85993384,38.30285699
1.72000000,23.66184379,2.12846072,38.19804170
1.77000000,24.07031837,2.94306429,37.58024994
1.82000000,24.85677610,3.18012752,38.54675251
1.87000000,24.77483545,3.32727246,38.12810303
1.92000000,25.02474188,3.21216090,38.15451162
1.97000000,24.61860848,2.96830253,38.29992714
2.02000000,24.24846229,2.25913613,38.36201064
2.07000000,24.48628672,2.65442075,37.68937151
2.12000000,24.06947557,3.12466891,38.15170198
2.17000000,24.25766882,2.86971020,37.36289103
2.22000000,24.09981642,2.88135535,37.94950729
2.27000000,24.56046921,3.94329339,37.93419765
2.32000000,25.00063718,3.76336708,38.33264111
2.37000000,24.24745220,2.78682437,38.17686465
2.42000000,24.63086482,3.72486588,37.83782271
2.47000000,24.41789005,2.80521563,37.26805556
2.52000000,24.41423481,3.75573151,38.28558137
2.57000000,24.90804725,4.06002301,38.07990928
2.62000000,24.47384698,3.30193273,37.12958871
2.67000000,25.15560172,2.98502571,37.32770271
2.72000000,24.99240160,3.16999147,38.32365689
2.77000000,25.13401846,3.37999063,37.47740684
2.82000000,24.36081390,2.78580475,37.94975830
2.87000000,24.50265669,2.68455534,37.34085152
2.92000000,24.02140143,3.46615352,37.69558634
2.97000000,24.75836312,2.74403575,37.77658652
3.02000000,24.77857644,3.40220795,38.22475893
3.07000000,24.79662171,3.03973151,37.87227920
3.12000000,23.45926282,3.51283836,37.90340270
3.17000000,24.66294770,4.15381442,38.29670287
3.22000000,24.19470496,3.45104529,39.18700759
3.27000000,23.63312708,3.45341796,37.23199590
3.32000000,24.11531373,2.69251849,38.14886926
3.37000000,24.69946254,3.38484647,37.70938708
3.42000000,24.06569605,3.40204514,38.02272814
3.47000000,23.86431622,3.70000685,37.30100311
3.52000000,25.04240945,3.32025311,37.37204553
3.57000000,24.02770595,3.39949399,38.27485369
3.62000000,24.95395702,3.36275289,38.33839694
3.67000000,24.78061552,4.20057743,37.99131740
3.72000000,24.59672137,2.55542210,38.62579176
3.77000000,24.43713162,3.10447622,38.11777503
3.82000000,24.34051824,3.35446648,37.96978996
3.87000000,24.47334586,4.27770608,38.59396833
3.92000000,24.56297971,3.19441772,37.29064121
3.97000000,24.06820435,2.39999511,38.75195789
4.02000000,24.20837032,3.99014155,37.97812328
4.07000000,25.00479749,3.28427824,38.76744127
4.12000000,24.45937741,3.78874803,37.62861785
4.17000000,24.06815885,3.18155363,37.61573830
4.22000000,23.68948379,2.50931429,37.85160299
4.27000000,24.16376703,2.56185086,37.35788983
4.32000000,25.50076306,3.54970469,37.58712810
4.37000000,24.59688187,3.33662743,37.79499961
4.42000000,23.52969494,3.21199779,38.01208818
4.47000000,24.47020873,3.19749407,37.55553559
4.52000000,24.91124950,1.65882114,38.34334844
4.57000000,24.74948910,3.68082161,37.72053550
4.62000000,24.60078922,3.47406625,38.10464962
4.67000000,24.28858608,3.15976467,39.04082358
4.72000000,24.10267865,3.19703545,38.27729743
4.77000000,24.37228260,3.31477547,37.85358861
4.82000000,24.89982777,2.88540506,37.67461584
4.87000000,24.27616859,3.31250213,38.03070816
4.92000000,24.70772951,3.43860339,37.05000860
4.97000000,23.70522283,3.64379775,38.83683790
5.02000000,25.14437977,3.10993524,38.18098918
5.07000000,24.88546375,3.41380364,37.96122714
5.12000000,25.36714505,3.97779084,37.83810009
5.17000000,24.62258403,3.34993382,37.85249320
5.22000000,25.29037629,2.58733561,38.43515568
5.27000000,24.02625716,2.44288250,39.05693401
5.32000000,24.96411010,2.83682825,38.44772554
5.37000000,24.72870270,3.42344762,38.35459391
5.42000000,24.30784285,2.96305209,38.46772484
5.47000000,24.64118869,3.26504969,38.72037464
5.52000000,24.51241174,2.45127783,37.70241259
5.57000000,24.40063052,3.88298232,38.26177593
5.62000000,24.59973412,3.21459498,37.72136830
5.67000000,24.35213840,2.68575704,38.40813276
5.72000000,24.06748648,3.87188576,37.15493967
5.77000000,23.95578522,3.39755491,37.85212480
5.82000000,23.68170776,3.34300906,37.63603279
5.87000000,24.37111852,3.31940402,37.63160168
5.92000000,24.65686451,3.40611386,37.74735195
5.97000000,25.31799648,2.92519266,37.49708336
6.02000000,24.88048427,3.51348225,38.44974435
6.07000000,24.81119696,3.21863930,38.12714916
6.12000000,24.98452012,4.17728341,37.34853867
6.17000000,24.94538618,3.08080756,38.35741767
6.22000000,24.53980866,2.30802958,38.51417220
6.27000000,24.63472094,2.94275946,36.77069392
6.32000000,24.63983875,2.38176513,38.24072742
6.37000000,25.13894475,3.10537385,38.17305914
6.42000000,24.77057696,2.99189843,38.69391344
6.47000000,24.67162063,3.45384053,38.92721222
6.52000000,23.75149446,3.43515586,37.87321751
6.57000000,24.99129054,3.21980125,38.54073642
6.62000000,23.91136651,2.92344490,37.39047219
6.67000000,24.47832105,2.36246172,37.34159248
6.72000000,24.68311101,3.76188254,38.03418662
6.77000000,24.42324632,3.97917451,37.82176685
6.82000000,24.89390110,3.37741823,38.47392396
6.87000000,24.39240362,3.56145944,37.99664977
6.92000000,24.67283386,3.03840230,37.36722293
6.97000000,24.57720119,3.20431517,38.01372239
7.02000000,23.52996213,3.20686841,38.63717378
7.07000000,24.92910804,3.23070308,38.56858092
7.12000000,24.07763659,3.02340331,38.16945004
7.17000000,24.46666216,3.65012139,37.57302625
7.22000000,25.88737726,3.77719169,38.34726131
7.27000000,24.82745051,3.33015138,38.73148730
7.32000000,24.72966885,3.86894392,38.37961220
7.37000000,24.94832979,4.20586929,38.96542108
7.42000000,24.87783121,2.92228818,37.82198634
7.47000000,24.82327208,3.10410613,38.40612296
7.52000000,24.14927383,3.12154908,38.72529786
7.57000000,23.73173174,4.64556524,39.11566883
7.62000000,25.33497166,4.17142847,37.70112277
7.67000000,24.18561365,3.91600183,37.93060481
7.72000000,24.44750076,3.05702353,38.43715344
7.77000000,24.56981188,3.21151799,37.79815288
7.82000000,24.30447373,3.02727025,37.45488747
7.87000000,24.59227645,4.43033560,38.57348573
7.92000000,24.71714722,3.11060279,38.52571293
7.97000000,23.62401611,2.55625747,37.99216622
8.02000000,24.26110448,3.21416794,38.10890384
8.07000000,24.22771512,3.20406568,37.68831065
8.12000000,23.65400084,2.77821431,38.37492824
8.17000000,23.86979040,3.79322683,37.82847574
8.22000000,24.35220896,2.81855020,38.84408756
8.27000000,24.84682773,3.63128731,36.89844783
8.32000000,23.80240681,3.55652679,37.43167783
8.37000000,23.70624516,2.52041479,38.85893167
8.42000000,24.12332995,3.41633484,38.31822632
8.47000000,23.90911924,3.99317738,38.85925321
8.52000000,24.16707199,2.98514361,37.70796645
8.57000000,23.95944668,2.47091997,38.38854688
8.62000000,24.88539741,2.69239530,38.27085517
8.67000000,24.36155836,3.13521614,38.77375385
8.72000000,24.35683101,3.09244375,37.78416513
8.77000000,24.34614326,2.55384310,38.30934674
8.82000000,25.01437940,3.35398818,38.19174696
8.87000000,23.78813587,3.20366613,38.08781006
8.92000000,24.57683678,2.73506337,37.33029608
8.97000000,24.41236952,3.01163960,37.99202255
9.02000000,24.25653241,4.04976888,38.48626406
9.07000000,24.23562273,3.06337219,37.95129746
9.12000000,24.55295110,2.06143369,37.43889208
9.17000000,25.45756975,3.15556648,38.50861150
9.22000000,25.03988797,3.12574209,38.67004715
9.27000000,24.79395282,3.08954457,37.97677144
9.32000000,25.12494660,3.01760154,36.85758315
9.37000000,24.79660712,3.84757573,37.92400557
9.42000000,24.69174244,3.47980434,37.44794849
9.47000000,24.53547089,2.87694132,38.89548319
9.52000000,23.95823981,2.10367217,38.62502019
9.57000000,24.25135731,3.15977425,37.77630255
9.62000000,24.46198518,3.77886443,37.29249745
9.67000000,24.16554563,3.29652574,38.15550770
9.72000000,25.78030303,2.74807340,38.16292297
9.77000000,25.10447337,3.49947265,38.63887838
9.82000000,24.25386808,2.85410494,37.47928345
9.87000000,25.16110868,2.91324234,36.95852656
9.92000000,24.78148883,3.80579712,38.18057920
9.97000000,24.51782526,2.57595486,37.98157496
10.02000000,24.24494671,4.24348614,37.34830635
10.07000000,24.36232066,2.72202929,37.14671090
10.12000000,25.39331309,3.13149677,37.51428239
10.17000000,23.61064120,2.42798253,37.52331789
10.22000000,24.81031472,2.71318853,38.91774791
10.27000000,23.90832403,3.60527115,39.19606515
10.32000000,24.91727117,2.49778003,38.35920962
10.37000000,23.87803410,3.14421866,38.12185177
10.42000000,24.17434817,3.02354111,37.70934517
10.47000000,25.48774131,2.78193173,37.35130417
10.52000000,24.78310795,2.44585431,37.27872208
10.57000000,24.80625658,2.45586287,38.49454307
10.62000000,24.61263518,3.29312251,37.70365811
10.67000000,24.11432539,3.37420818,38.59550102
10.72000000,24.40259922,3.08023071,38.80634316
10.77000000,23.91073860,3.78242151,38.05713108
10.82000000,24.69686455,1.92165319,39.34309374
10.87000000,23.76032476,3.64353607,38.28212133
10.92000000,24.16635892,3.38896721,38.31587053
10.97000000,24.98337295,3.52561809,38.19494886
11.02000000,24.68975440,3.20122487,38.56351478
11.07000000,25.22653394,3.77019454,38.16096097
11.12000000,24.27875867,2.94852215,38.69387083
11.17000000,25.12513544,4.11888199,39.10057302
11.22000000,25.98824712,2.70086017,38.19918816
11.27000000,24.47292061,3.27263869,38.09566473
11.32000000,24.14079618,2.40501951,38.53666788
11.37000000,25.07573523,2.82758600,36.86344821
11.42000000,24.33059514,3.14202906,38.13131058
11.47000000,24.82995575,3.48330555,37.12156617
11.52000000,24.85907836,3.19015653,38.37749427
11.57000000,24.02239834,3.82854546,38.38109284
11.62000000,24.12736571,3.64709464,37.65045429
11.67000000,24.68566411,3.12399917,38.37644240
11.72000000,24.46112938,3.52502513,37.56884667
11.77000000,24.32388329,2.42287442,38.66107125
11.82000000,25.08116758,2.83833225,38.08361481
11.87000000,24.83015071,3.71427089,37.80343510
11.92000000,24.90022577,3.15690035,37.53151557
11.97000000,24.52862773,3.13834693,37.66840461
12.02000000,24.70447208,2.55273109,38.30495083
12.07000000,24.78217390,3.33820707,38.80430717
12.12000000,23.86749655,2.47685290,38.01191854
12.17000000,24.65744115,3.51657255,36.84573775
12.22000000,24.78445939,2.71754036,38.38885890
12.27000000,24.92008325,3.33173955,38.66952829
12.32000000,25.00402014,3.26726259,37.99904115
12.37000000,24.27273485,3.77429540,38.33872038
12.42000000,25.02578903,3.09575268,38.38408427
12.47000000,24.05015366,3.65075956,37.74541211
12.52000000,24.56589487,3.95732556,37.91537976
12.57000000,24.51687862,3.03694221,38.35558128
12.62000000,24.18006410,3.89605930,38.07601023
12.67000000,24.88384614,3.20234399,38.83101576
12.72000000,25.46229241,3.83600562,38.24309872
12.77000000,24.04530540,4.43358403,37.80470699
12.82000000,24.45957380,3.32621473,38.54865000
12.87000000,25.12315915,3.82897701,38.42386314
12.92000000,24.71902688,3.18346997,37.44734719
12.97000000,24.86020432,3.03247343,37.75020275
13.02000000,25.09933739,3.12672136,38.14502849
13.07000000,24.80982712,3.46192180,38.36833783
13.12000000,24.05832565,3.19563085,37.56504911
13.17000000,24.40639561,2.45781891,37.66566535
13.22000000,24.37749124,2.82958392,38.41458985
13.27000000,24.92419740,4.05173192,38.68002643
13.32000000,24.64418712,3.10963077,38.04760024
13.37000000,24.09403818,3.08495058,37.83260261
13.42000000,25.51021949,3.02080535,37.89233443
13.47000000,24.40746265,4.03043267,38.02923208
13.52000000,25.20295497,2.42537198,37.84730763
13.57000000,24.88570238,2.93205790,38.22277118
13.62000000,25.31224693,4.00407140,38.25124588
13.67000000,25.32287854,3.92252402,38.80769600
13.72000000,24.17240134,2.98984960,38.30403838
13.77000000,24.58513280,3.13333652,38.24550050
13.82000000,25.33583890,3.70325099,39.08762157
13.87000000,24.74007888,3.59618068,37.91456446
13.92000000,24.85502193,2.81705648,37.65268776
13.97000000,25.10292485,2.67931920,37.96869648
14.02000000,25.18019233,3.54362156,37.97403829
14.07000000,25.90638255,3.11238085,38.63362299
14.12000000,24.48899185,2.76220196,38.14537091
14.17000000,23.98793074,3.08391731,37.64144240
14.22000000,24.23075902,3.21202420,38.14299291
14.27000000,24.59317988,3.14009677,38.34798627
14.32000000,24.27306580,3.49280681,38.11215990
14.37000000,24.94890362,2.90055993,37.57737686
14.42000000,24.16336046,3.17228341,38.07709225
14.47000000,24.78918343,3.04918471,38.04559897
14.52000000,23.86808158,1.81943127,39.52951802
14.57000000,24.31677657,3.08847102,38.14783852
14.62000000,24.33534614,3.58976989,37.66005902
14.67000000,23.89069259,3.66175180,38.10376527
14.72000000,24.66530406,3.82902873,38.08438758
14.77000000,24.88258149,3.47406125,38.83530618
14.82000000,24.80395001,3.46179847,38.90627535
14.87000000,25.10610287,3.02146046,37.96955953
14.92000000,25.04756314,3.28365755,37.73934715
14.97000000,24.89408307,2.15830412,38.19317987
15.02000000,23.87039110,3.37606705,38.75241969
15.07000000,25.63420072,3.35991607,38.08510976
15.12000000,23.56887798,3.25782681,38.47415880
15.17000000,24.24594538,2.69491630,37.45188546
15.22000000,24.60552347,2.97055950,38.32839028
15.27000000,24.64299418,3.02429445,37.80826630
15.32000000,24.89715806,3.81430446,37.91993870
15.37000000,25.32251834,2.84250118,38.30655053
15.42000000,24.37404710,3.98920512,37.62553549
15.47000000,23.78742656,2.95362993,38.15498943
15.52000000,24.57727063,3.00129013,38.99787097
15.57000000,23.47846010,3.02203741,37.86549897
15.62000000,24.15759245,2.99537769,38.25655054
15.67000000,25.08679151,3.63450990,38.95204425
15.72000000,25.05571155,3.68842770,38.78916134
15.77000000,24.66081537,2.87968401,38.40868372
15.82000000,24.60577963,2.70573906,37.64597736
15.87000000,24.65737571,2.88894419,37.98941578
15.92000000,25.09396483,3.58627179,38.49054211
15.97000000,24.86717071,3.81955006,37.92025535
16.02000000,24.89499106,2.62362833,37.88981573
16.07000000,25.72882826,3.65348035,39.15551830
16.12000000,24.06556086,3.62723524,38.00969476
16.17000000,23.41283103,3.13626057,37.85725214
16.22000000,24.44756958,3.79738289,37.73842612
16.27000000,24.36244974,2.79660142,37.38874703
16.32000000,24.55289349,2.81731979,38.25929803
16.37000000,24.57416516,3.46711697,37.20681101
16.42000000,23.96764062,2.92341615,38.08238989
16.47000000,24.63741025,2.90364742,37.94554307
16.52000000,24.42917296,2.12342933,38.40190518
16.57000000,24.75016131,3.09937767,38.09106607
16.62000000,25.45004693,3.30808978,38.47594812
16.67000000,24.22838386,3.44327595,37.82300308
16.72000000,24.76624873,2.71565027,37.89052315
16.77000000,24.06628184,3.75161768,38.30571171
16.82000000,24.82373553,3.79159643,38.42713146
16.87000000,23.85660379,2.70624638,37.82340486
16.92000000,24.68870959,3.62123623,38.18954961
16.97000000,24.36115699,3.47361524,38.46891580
17.02000000,24.75739049,2.18451791,39.03709470
17.07000000,23.86925231,2.74775830,38.17826811
17.12000000,24.06935051,2.75268381,38.57658988
17.17000000,25.02929593,3.26840013,38.39146578
17.22000000,24.21289809,3.51688734,38.24550594
17.27000000,24.18616915,2.23406823,37.95098742
17.32000000,24.96101900,2.43687669,38.26659213
17.37000000,24.24077154,3.18135657,37.71097297
17.42000000,24.92082789,3.19485558,38.09777429
17.47000000,23.82185824,2.81771013,37.40650459
17.52000000,24.63791104,3.23173710,37.96846803
17.57000000,24.02543697,3.27344860,37.85102873
17.62000000,24.62389702,3.08713486,37.78892017
17.67000000,23.99114786,2.97472208,38.20690330
17.72000000,24.07767707,3.40940229,37.90520190
17.77000000,24.62583189,3.11628015,39.15461057
17.82000000,24.53790196,3.99259319,37.86562347
17.87000000,24.04647684,3.12367246,38.05253356
17.92000000,24.73553887,2.79551680,37.85468004
17.97000000,24.28978091,3.76907371,37.48169517
18.02000000,24.20068820,3.24506085,38.24901661
18.07000000,24.77696550,3.47625861,37.36141288
18.12000000,24.86090397,3.15797454,38.49176835
18.17000000,24.97549920,2.77108054,38.31220908
18.22000000,24.29016411,3.44165912,38.02563174
18.27000000,25.07467620,2.67251290,38.61468529
18.32000000,24.56637357,1.73393357,39.26002842
18.37000000,24.52955305,4.16699234,37.85318228
18.42000000,25.49711657,3.28429094,38.61073545
18.47000000,24.47454888,3.16433620,38.02558100
18.52000000,24.36336719,3.77049910,38.25351471
18.57000000,24.30154865,2.71926873,38.40580104
18.62000000,24.18243087,3.25840519,36.85202346
18.67000000,25.17286912,3.10715130,38.39652514
18.72000000,23.76322777,3.08296045,38.59777786
18.77000000,24.74777589,2.96417552,37.32409352
18.82000000,23.51849395,3.00162347,38.50926742
18.87000000,24.37040989,3.49017720,38.80410143
18.92000000,24.77659612,2.82845440,39.09629248
18.97000000,24.99681589,2.70201787,37.25391367
19.02000000,24.71731078,2.82709165,38.19372602
19.07000000,24.11679488,3.23463447,38.26368225
19.12000000,23.83799457,3.17069175,38.61221964
19.17000000,24.38753776,2.68510391,37.95788864
19.22000000,25.10919643,2.49181165,38.52502300
19.27000000,24.20443760,2.86393792,37.37813998
19.32000000,24.29347910,3.74403660,38.45722644
19.37000000,24.70642834,3.63636283,37.72016780
19.42000000,24.77683616,3.31419521,37.40342555
19.47000000,24.91371624,2.84680894,38.22971492
19.52000000,24.09795665,3.00829766,37.84976679
19.57000000,24.83728962,3.90773360,38.59084170
19.62000000,23.81737848,3.30828253,37.81285549
19.67000000,24.44528949,2.88964022,37.27775597
19.72000000,24.12692440,2.71336521,38.56772354
19.77000000,24.87786878,2.63164962,37.52108772
19.82000000,25.27196446,2.18041833,38.41269094
19.87000000,24.00397115,3.63297456,37.96271632
19.92000000,24.92778848,2.83973353,37.92710993
19.97000000,24.06374334,2.67748467,38.17819660
20.02000000,24.75104260,3.31728141,37.41947070
20.07000000,24.26912935,3.15519338,37.79077401
20.12000000,23.51940425,3.17220993,37.56956909
20.17000000,24.62215221,3.13634536,37.99128492
20.22000000,25.28498836,2.95352097,37.99656354
20.27000000,24.61202830,2.93638064,38.06509100
20.32000000,24.53785408,3.13762467,37.20967173
20.37000000,25.80926888,2.92953035,38.01167450
20.42000000,24.92081166,4.37111670,38.30843971
20.47000000,23.86210193,3.42028892,37.55936388
20.52000000,23.98982337,3.61067086,37.87672923
20.57000000,24.94330655,2.69978410,38.86717952
20.62000000,24.86939377,3.05820647,37.18984847
20.67000000,24.73128706,3.32127020,38.14214216
20.72000000,24.17963146,3.69106623,37.77565277
20.77000000,24.47596561,3.27404990,37.74045285
20.82000000,24.48662214,3.16178114,38.04201151
20.87000000,24.35345144,3.42459990,38.45793433
20.92000000,23.60513013,3.92843870,37.33783130
20.97000000,24.74923712,3.03823682,37.89571002
21.02000000,25.04241676,3.25346880,37.74194886
21.07000000,24.05624727,3.11536296,38.10483651
21.12000000,23.74735035,2.38126028,37.60816242
21.17000000,24.19401862,4.15995773,37.62129173
21.22000000,24.67472498,2.80288504,38.17530276
21.27000000,24.21389640,3.32698221,38.49983803
21.32000000,24.03121809,3.62532114,38.80350148
21.37000000,23.90549441,2.80117932,38.04761178
21.42000000,23.49936018,4.07661945,37.53625238
21.47000000,24.60946416,2.59562526,38.62987427
21.52000000,23.91792879,2.72930145,38.38513956
21.57000000,24.82094459,2.89460813,38.96293502
21.62000000,24.34051481,3.24620284,37.71031534
21.67000000,25.03868988,3.36312027,38.42314201
21.72000000,24.30383982,4.20828826,37.54277989
21.77000000,24.72926106,3.32568317,38.34511239
21.82000000,25.11562707,2.03947262,37.28952374
21.87000000,24.61985756,2.34176914,38.40696552
21.92000000,24.88094567,2.58629796,37.78314517
21.97000000,24.08490989,2.27731509,37.94616680
22.02000000,24.76414762,3.79882893,37.19946603
22.07000000,23.86483719,3.58755326,37.76969354
22.12000000,25.07850410,3.22953870,37.51126216
22.17000000,24.95377104,3.63580223,37.43616689
22.22000000,24.76533232,3.83667894,38.66413430
22.27000000,24.36419358,3.67835636,37.49821468
22.32000000,24.33233104,3.13103604,38.23266007
22.37000000,24.03091376,3.30050778,37.55845105
22.42000000,24.69182677,3.22594820,38.62684725
22.47000000,24.56612347,3.08579934,38.07502107
22.52000000,24.08325901,3.58759914,38.06568277
22.57000000,24.82104279,2.52678076,38.68654977
22.62000000,24.20048232,2.98240334,38.26324386
22.67000000,24.65175743,3.53324190,37.56150111
22.72000000,24.50008489,3.55387890,39.15476072
22.77000000,23.31637213,2.86132728,38.03180142
22.82000000,23.67121850,2.85397398,38.06980119
22.87000000,24.41413415,3.35872126,38.35165756
22.92000000,23.97852534,3.44234903,37.93734513
22.97000000,24.44481136,3.47055996,38.05478801
23.02000000,24.64791437,1.90427860,38.09514374
23.07000000,23.89970084,2.93471741,38.65513904
23.12000000,24.21683197,2.84399450,38.07514516
23.17000000,24.59911223,3.23004220,38.60825091
23.22000000,24.43588415,3.97436749,37.91952057
23.27000000,24.39247835,3.07268121,37.81842395
23.32000000,24.15021654,2.66273333,38.02544248
23.37000000,24.07902908,4.42843896,37.84799001
23.42000000,24.11390843,2.53056454,38.25534843
23.47000000,24.22960415,3.19411656,37.41953597
23.52000000,24.03260650,2.48950853,39.01348375
23.57000000,25.28153374,3.32842395,37.69969437
23.62000000,23.27720003,3.40095184,38.35696092
23.67000000,24.62169306,3.63528689,37.76678376
23.72000000,24.96449444,3.32109437,37.69759375
23.77000000,24.18373538,3.37383328,37.69510997
23.82000000,24.66449352,2.78566874,38.27634922
23.87000000,25.40940371,3.63884180,38.27290944
23.92000000,25.58476424,2.62031277,38.92955046
23.97000000,24.96001165,3.50017574,37.92148811
24.02000000,24.11040804,2.78607478,37.59412818
24.07000000,25.01375262,3.78331043,37.61450725
24.12000000,24.77421246,2.17796096,38.25250373
24.17000000,24.89172352,3.25368347,38.04672809
24.22000000,23.46870499,3.35267828,38.31404951
24.27000000,24.38949166,3.00185460,38.59549960
24.32000000,23.82339772,2.35252072,37.78644294
24.37000000,24.31918892,4.20670811,38.10692266
24.42000000,24.17203064,3.23768462,38.97933637
24.47000000,24.38892212,2.52231551,38.24153803
24.52000000,24.85186045,3.02077235,38.19651574
24.57000000,24.81648256,3.71047333,38.02945559
24.62000000,24.41231391,3.91525604,37.99940652
24.67000000,24.63543462,3.18737336,37.97487332
24.72000000,24.90366757,3.68345034,38.34960532
24.77000000,24.40878473,4.49328937,38.61251228
24.82000000,24.16539341,3.02774583,38.09095508
24.87000000,24.37603194,2.26711096,39.17983135
24.92000000,24.15798832,2.31018017,38.44515919
24.97000000,25.24155625,2.86332313,37.72645422
25.02000000,24.07803202,3.19685454,37.98313817
25.07000000,24.49436806,3.08041176,38.40834109
25.12000000,24.69975597,3.18573386,38.07635924
25.17000000,24.28370675,3.86303448,37.51425043
25.22000000,24.73711997,2.87458122,37.23935076
25.27000000,24.87054110,3.40473934,37.68410496
25.32000000,24.13829528,3.30261069,38.40465040
25.37000000,24.11352711,3.18300844,38.79610178
25.42000000,25.28702495,3.22710571,38.71965631
25.47000000,24.75442108,3.49828024,38.56224375
25.52000000,25.22433621,2.71124723,37.67236647
25.57000000,23.33265787,3.85097427,38.06541900
25.62000000,23.47373061,3.73933380,37.76982647
25.67000000,24.90228475,4.05397459,37.55137319
25.72000000,24.58605929,3.23299643,37.86773436
25.77000000,24.57574331,2.30833177,38.56554276
25.82000000,24.74299667,3.85568222,38.19165742
25.87000000,24.51498135,3.29999005,37.72939834
25.92000000,24.47892237,3.71350314,38.33035066
25.97000000,24.55877292,3.27357503,38.55289286
26.02000000,24.76538733,3.57199840,38.12217568
26.07000000,24.50725789,2.97003930,37.52997013
26.12000000,24.82519441,2.75097670,38.86371536
26.17000000,24.37890175,3.36093188,37.64377227
26.22000000,24.36111773,3.43667040,37.19878385
26.27000000,24.14426316,3.43791592,38.67348631
26.32000000,24.66076851,3.15194405,38.40181825
26.37000000,23.89405515,2.93754910,37.99724636
26.42000000,23.76687677,3.41674654,37.46376950
26.47000000,24.08940914,3.06681630,36.80137514
26.52000000,24.23500254,2.55498301,37.07387193
26.57000000,24.99508546,2.78714749,38.25645104
26.62000000,25.42796810,3.49457922,38.33054209
26.67000000,24.96587321,2.79001944,37.99928722
26.72000000,25.10020664,2.02061090,38.31949740
26.77000000,24.14239122,3.65865820,37.83411407
26.82000000,24.35064170,2.88769604,38.11447326
26.87000000,24.59975890,2.69632840,38.45102552
26.92000000,25.14723906,2.85596953,37.98403752
26.97000000,23.60237170,2.68958126,38.51606991
27.02000000,23.58675947,3.15205309,38.91419704
27.07000000,24.65811959,2.91726946,37.31337654
27.12000000,24.04038175,3.71136640,37.72702140
27.17000000,23.68207441,2.90950610,38.55956250
27.22000000,25.14116901,2.69902064,37.61763893
27.27000000,24.76651704,2.82209987,38.18526642
27.32000000,24.60562918,3.34875923,37.79025190
27.37000000,25.24468252,2.54785137,37.73232636
27.42000000,23.99632851,3.07870890,38.49703980
27.47000000,24.58810553,3.54546850,38.63675949
27.52000000,24.51550081,4.00518604,37.77853845
27.57000000,24.05526328,3.24181193,37.78608988
27.62000000,24.61332212,2.56438948,38.56471011
27.67000000,23.78625070,3.33594044,38.34766952
27.72000000,23.66541941,3.89818116,38.04680532
27.77000000,25.22140721,2.54992216,38.37936374
27.82000000,24.82822624,2.47446197,38.15156357
27.87000000,25.36789613,1.98295559,38.15732368
27.92000000,25.25467526,2.67829676,37.16475947
27.97000000,24.43524110,3.55060004,38.63309392
28.02000000,23.98512957,2.76728521,38.92668082
28.07000000,24.10004781,3.03382921,38.25107746
28.12000000,25.12332102,3.65691020,38.80072601
28.17000000,24.49282995,2.89941075,38.39774661
28.22000000,24.10350671,2.78782401,38.29006709
28.27000000,23.64201681,3.18974821,38.34063692
28.32000000,24.15218975,3.18392216,38.39458992
28.37000000,24.68283782,3.14002343,37.94121573
28.42000000,24.52238370,3.24144966,38.04003357
28.47000000,24.91487022,2.84566719,38.12124421
28.52000000,24.44751962,3.84949282,37.94899242
28.57000000,24.81800461,3.59034893,38.77970562
28.62000000,24.97267528,3.58738047,38.11132272
28.67000000,24.68187203,3.09642727,38.05990149
28.72000000,24.88018377,3.67572857,37.74337134
28.77000000,24.56980564,3.66471158,37.98390041
28.82000000,24.65383457,3.20552825,38.45049975
28.87000000,23.92602520,3.32422858,37.73599972
28.92000000,23.91695255,3.10211046,38.19671577
28.97000000,24.53208982,3.16279384,37.62646430
29.02000000,23.98119911,2.79451125,37.56313967
29.07000000,24.97589822,3.10432425,37.83513774
29.12000000,24.82674357,2.96932037,37.49892059
29.17000000,24.72851825,3.03851513,38.39721380
29.22000000,24.90376158,2.71581386,38.03514372
29.27000000,24.29391957,2.78980516,37.89253702
29.32000000,24.73458722,3.02765979,38.45914162
29.37000000,25.05570830,3.77963945,37.69533220
29.42000000,24.64751424,3.80765703,37.88922495
29.47000000,24.59310181,2.99168964,38.11973146
29.52000000,24.43270188,2.76296108,38.25029766
29.57000000,25.43362019,3.27832464,38.33916435
29.62000000,24.22151961,3.24263848,38.59624305
29.67000000,24.39656931,3.24543985,37.37420027
29.72000000,24.66762410,3.51405295,38.35184076
29.77000000,24.08982830,3.50993666,37.31030826
29.82000000,24.42834937,3.32452626,38.14533517
29.87000000,25.53534374,2.97099100,37.65413005
29.92000000,23.73243598,3.18135179,38.39136871
29.97000000,23.81542670,2.71317152,38.38034591
30.02000000,24.96272369,4.07101363,38.25660628
30.07000000,24.94101884,2.71454901,38.51415823
30.12000000,23.97562000,2.97656960,37.81988004
30.17000000,24.76359062,3.05255808,38.33458806
30.22000000,25.17692659,3.38115842,37.96098316
30.27000000,24.91647681,3.94937647,37.21229378
30.32000000,24.99182061,3.06114667,37.39278813
30.37000000,24.35667795,3.07885469,37.61380139
30.42000000,24.39766990,3.62032540,37.88436548
30.47000000,24.48007758,3.44861420,38.58663257
30.52000000,23.96075285,2.96776850,38.98311906
30.57000000,24.10511602,3.18339441,37.50057924
30.62000000,25.09841435,3.46189975,38.43438570
30.67000000,24.07554168,3.51810649,39.28767949
30.72000000,24.90419290,3.35850467,37.62448715
30.77000000,24.52036104,2.68985736,39.07016133
30.82000000,24.47415477,3.66242647,38.26721439
30.87000000,23.82736452,2.95916403,37.94717826
30.92000000,24.48804770,2.95859901,37.80871930
30.97000000,25.30189183,2.59279169,37.36182026
31.02000000,24.18365778,3.33099613,38.43543084
31.07000000,24.78241978,2.90570884,37.88382304
31.12000000,23.86892438,3.25349432,38.53532673
31.17000000,24.83228875,2.91315026,37.94089812
31.22000000,24.69033539,2.84534705,38.72362306
31.27000000,24.56546694,3.56644468,37.92531554
31.32000000,24.37825595,3.12893479,37.86214745
31.37000000,24.45526503,3.17081236,37.96999796
31.42000000,24.64394754,3.07032455,37.96019382
31.47000000,24.75380893,3.52255112,38.35624263
31.52000000,23.76759950,2.83546170,37.59429830
31.57000000,24.70257696,3.58534496,37.83039938
31.62000000,24.73283967,3.31547618,38.07116728
31.67000000,24.67489407,3.18982954,37.65709595
31.72000000,23.63771635,2.87011596,38.20712191
31.77000000,24.56538537,3.14054887,38.17101654
31.82000000,24.20973246,3.20005263,37.75326683
31.87000000,24.83069833,2.83518933,38.14723480
31.92000000,24.75132953,3.65138317,37.85737406
31.97000000,23.97522245,2.12726957,38.45112822
32.02000000,24.23789069,3.19910228,38.59257635
32.07000000,23.53083122,3.82946137,38.47271960
32.12000000,23.80836032,3.55473387,37.62001776
32.17000000,24.30967295,4.14308574,37.66572998
32.22000000,24.23332215,2.49812526,37.39688323
32.27000000,24.04579322,3.00198921,38.48336464
32.32000000,24.49899533,2.87602368,37.51989474
32.37000000,24.81803434,3.95918251,38.34092335
32.42000000,23.59815030,3.56007786,38.58991341
32.47000000,25.07095989,3.15144891,37.00011724
32.52000000,25.30504767,2.80474083,39.07914749
32.57000000,24.83214356,3.96733137,38.52295962
32.62000000,23.41794106,4.10776851,38.29104896
32.67000000,24.93470708,3.50038600,38.86200752
32.72000000,24.05701207,4.07585301,37.98209241
32.77000000,24.25210936,3.68444897,38.07895003
32.82000000,24.33534481,3.16933289,38.23483463
32.87000000,24.02715700,3.46374385,38.84991195
32.92000000,24.36342082,2.29952985,38.02890759
32.97000000,23.94007300,3.83561953,38.01435287
33.02000000,24.79125476,3.82946117,36.95987533
33.07000000,24.21568853,3.69695814,38.24622810
33.12000000,24.50431320,3.43104566,37.20463263
33.17000000,23.91147860,3.00091886,38.21136439
33.22000000,23.73361436,3.18100135,39.12447985
33.27000000,23.42683430,3.29218867,37.98763898
33.32000000,24.83520499,3.69899600,37.83347439
33.37000000,24.30575264,2.25148707,38.36165121
33.42000000,24.33892384,3.99384626,37.31084093
33.47000000,24.66791280,2.82698243,37.76723457
33.52000000,26.15580641,3.36444551,37.90876016
33.57000000,24.50304947,3.52205518,37.85047489
33.62000000,25.24824916,3.65560040,37.82345263
33.67000000,25.00177072,3.05180919,38.09615831
33.72000000,24.72381880,3.08417398,37.68780975
33.77000000,24.60850651,4.35158440,38.05277805
33.82000000,24.49316182,3.06187068,38.13651681
33.87000000,24.27231140,3.69274718,37.09229289
33.92000000,25.29242381,3.05864098,37.95850137
33.97000000,23.56023240,3.09097698,38.31942222
34.02000000,23.59124520,3.31002541,38.24360229
34.07000000,23.63849008,3.92494793,38.08145359
34.12000000,24.59791892,2.72164033,37.96457671
34.17000000,25.06481839,4.06478797,38.07655128
34.22000000,24.22443523,3.94489093,38.33581397
34.27000000,23.77885548,3.27549737,37.42082323
34.32000000,24.93711601,3.18672007,37.79993899
34.37000000,24.06171046,3.57492511,38.28308463
34.42000000,24.46344018,3.93182371,38.20188546
34.47000000,23.80129440,3.56993463,37.53159170
34.52000000,23.77288222,3.79240562,37.08608839
34.57000000,25.27726696,2.97585505,37.25520985
34.62000000,24.15185388,3.32093496,37.65115545
34.67000000,23.76790792,3.17899751,38.81137024
34.72000000,24.32894330,2.87377027,38.13693064
34.77000000,23.78338501,3.96138635,38.13565056
34.82000000,24.73322126,2.95962583,37.70089217
34.87000000,24.69719991,4.09698534,38.60515998
34.92000000,24.36465620,3.12043933,37.14019754
34.97000000,25.43763319,3.17796128,38.58825363
35.02000000,25.15517752,3.58091687,37.53722163
35.07000000,24.39754469,2.89642296,38.07551741
35.12000000,24.68607013,3.76346645,39.19231663
35.17000000,24.89821484,3.74370342,38.31360795
35.22000000,24.27758772,3.34932225,39.32509514
35.27000000,23.64061239,3.68898115,37.99794773
35.32000000,25.69301746,3.06955425,37.83756576
35.37000000,24.97824333,3.27855695,38.08284066
35.42000000,24.65330970,2.93558931,38.67526979
35.47000000,24.22753338,3.25854544,37.57114572
35.52000000,24.02770089,3.17974899,37.75695314
35.57000000,23.60567072,3.63178420,38.76041583
35.62000000,24.69680456,3.46431566,37.64356777
35.67000000,23.97932481,3.49278206,38.04971496
35.72000000,25.77539002,3.10990302,37.51808866
35.77000000,24.67070885,3.02410041,38.48339534
35.82000000,24.25702882,2.97586332,37.89110808
35.87000000,24.24063072,3.12357389,39.05324983
35.92000000,23.95003801,3.78980844,37.44983755
35.97000000,24.19560630,3.59850730,37.85183559
36.02000000,24.81068955,3.35913724,37.39061464
36.07000000,24.92457885,2.97481553,38.41527915
36.12000000,24.21778632,2.96933947,37.71455725
36.17000000,24.17969878,2.89019604,37.76457765
36.22000000,24.17203877,2.63748907,38.69988734
36.27000000,24.49179710,2.86671261,39.22303064
36.32000000,23.75927068,3.20598383,38.00667949
36.37000000,24.73868353,2.67188682,38.03090547
36.42000000,23.86462090,3.62098624,38.93968197
36.47000000,24.91420274,2.43987318,37.48914252
36.52000000,23.33974331,3.20795119,38.64864035
36.57000000,23.51668524,3.96365587,38.48711140
36.62000000,23.88869380,2.91862875,38.56572855
36.67000000,24.54806029,3.51140744,37.22072943
36.72000000,24.33669648,3.29269292,38.92086063
36.77000000,25.06769594,3.68894803,38.33662969
36.82000000,23.69850257,3.09767525,37.94550684
36.87000000,24.48462632,3.40144369,38.62082123
36.92000000,24.94354703,3.84826612,37.99640582
36.97000000,24.29970896,3.62121605,38.59678374
37.02000000,24.23168050,2.05039649,38.17209995
37.07000000,23.52439795,3.56811256,38.53009819
37.12000000,24.96409402,3.07281379,38.18275429
37.17000000,24.50973350,2.65557362,37.77220861
37.22000000,23.06742665,3.82688708,37.39466596
37.27000000,25.41066476,3.03922823,38.14125447
37.32000000,24.24071453,3.22419870,37.95474646
37.37000000,24.77502884,2.59448147,37.90468268
37.42000000,25.15945017,2.56680961,36.88060855
37.47000000,24.96683460,2.69366581,38.30395476
37.52000000,25.03663213,3.68488961,37.68901080
37.57000000,24.66034883,2.77423190,37.28895436
37.62000000,24.58305559,3.18533942,38.46685260
37.67000000,24.68915943,4.15835244,38.39113830
37.72000000,25.03304542,3.20230165,38.22925253
37.77000000,24.55651526,3.17738343,37.46389930
37.82000000,24.04008792,3.31661054,38.40145693
37.87000000,23.93747844,2.57970454,37.33130346
37.92000000,24.86655891,3.86006944,38.49508842
37.97000000,25.17744626,3.46989293,37.01162542
38.02000000,24.66532091,3.58456829,37.87487029
38.07000000,24.42456814,4.19600195,38.48731324
38.12000000,24.33050135,4.29114681,38.53322902
38.17000000,24.31224671,2.81322420,37.71635782
38.22000000,24.56781549,3.75178236,36.88397916
38.27000000,23.83439852,2.31200039,38.52812590
38.32000000,23.94511325,3.94700643,37.82439552
38.37000000,24.89754830,4.36833104,37.81213132
38.42000000,23.26616119,3.61052580,38.19419022
38.47000000,24.34012886,3.86734402,38.01400187
38.52000000,25.69840538,3.80249043,37.83164673
38.57000000,24.20544926,3.27417482,37.84175775
38.62000000,24.97726598,2.89853246,38.71973869
38.67000000,24.47588771,3.62921866,38.77137560
38.72000000,24.24445516,2.96630587,38.43392570
38.77000000,24.42019182,3.54660005,38.68463312
38.82000000,24.90319548,3.90695546,37.69356641
38.87000000,24.12982002,3.64805173,38.61678243
38.92000000,24.80000819,2.31367640,38.18327583
38.97000000,24.58822099,3.44305931,38.11749873
39.02000000,23.47041318,3.67904772,38.09099759
39.07000000,24.32716840,3.49202096,37.25921565
39.12000000,24.29105606,2.96654067,37.51002737
39.17000000,23.51229714,2.29920634,38.85463668
39.22000000,25.25351815,3.19707645,38.37256628
39.27000000,24.82399978,3.32875105,37.64212009
39.32000000,25.20257735,3.75952083,38.12470707
39.37000000,25.17738278,3.66673991,37.80014503
39.42000000,23.53410553,3.83500675,37.91113404
39.47000000,24.62115456,3.13602866,38.48353054
39.52000000,24.26436731,3.56239276,38.66723431
39.57000000,24.96893575,3.05497667,37.69116005
39.62000000,24.48070129,3.14663769,37.65126762
39.67000000,24.67719063,3.77728788,37.59104303
39.72000000,24.49584303,2.76007457,37.88364052
39.77000000,24.56609072,3.82808549,36.93824731
39.82000000,24.09514999,3.33450728,37.12912181
39.87000000,23.98844159,3.14031111,37.80119214
39.92000000,23.35467497,2.99390060,38.37247615
39.97000000,24.18762637,2.92138873,37.32874315
40.02000000,24.62372911,3.36597969,38.31873053
40.07000000,24.72546825,3.21770744,38.63578366
40.12000000,24.37883730,3.13019396,37.62590583
40.17000000,24.70305762,3.48170205,37.00254447
40.22000000,23.95187426,2.69705187,38.36993468
40.27000000,24.61671897,2.91871298,38.71185858
40.32000000,24.61487893,2.93195890,38.31363766
40.37000000,24.36404874,2.87317747,38.26376300
40.42000000,24.81245114,2.92137261,37.46554967
40.47000000,23.94816244,4.45579396,37.44429753
40.52000000,24.93763698,3.52696496,38.88613403
40.57000000,24.35890495,3.51065310,38.68762119
40.62000000,24.37494402,3.02082929,37.87746721
40.67000000,24.67886822,3.53579436,38.68963345
40.72000000,25.25974226,2.68328889,39.08179719
40.77000000,23.95543100,2.54145693,39.14034261
40.82000000,24.63156176,3.37960623,38.33409218
40.87000000,24.81189982,3.45744870,38.14226289
40.92000000,24.37534677,2.69722669,36.95136312
40.97000000,24.13684187,3.28238264,38.85084363
41.02000000,25.12527947,2.68237936,38.40287384
41.07000000,24.44790554,2.93695058,38.27405070
41.12000000,24.15641314,3.29989222,37.34989591
41.17000000,24.85905008,3.71890162,38.34325710
41.22000000,24.13863098,3.25119031,38.27451418
41.27000000,24.72081297,2.11477629,38.05191085
41.32000000,24.13766738,3.82407476,37.34964845
41.37000000,25.53942214,2.33626118,38.55032966
41.42000000,24.37118916,3.04458600,38.32428526
41.47000000,24.32527202,3.00975934,38.30489410
41.52000000,24.88836305,3.35980478,37.76664037
41.57000000,24.55231830,3.17802331,38.91914723
41.62000000,25.05013222,3.20230441,39.21130012
41.67000000,25.40488036,3.04981140,38.49268819
41.72000000,24.17779690,3.02904499,37.88439501
41.77000000,24.20461446,3.45670068,38.10006605
41.82000000,24.97910605,3.14435340,37.91641204
41.87000000,24.49831615,2.80361794,38.57586892
41.92000000,23.69729851,3.04176887,37.44656015
41.97000000,24.65601488,2.77560943,38.15438981
42.02000000,24.70465905,2.87673489,38.53918623
42.07000000,24.39107181,2.90209115,37.74303845
42.12000000,24.36167656,3.17461996,38.22605504
42.17000000,24.45394181,2.39274800,38.79126605
42.22000000,24.51614448,3.92188042,38.33897076
42.27000000,24.16945213,1.77968271,38.12263105
42.32000000,24.32987491,3.36092051,38.23271970
42.37000000,24.47444434,2.82444000,38.14878601
42.42000000,23.86033461,3.60096419,37.65570301
42.47000000,24.83558407,3.82521516,37.75605017
42.52000000,24.19178815,3.45744880,37.35843857
42.57000000,24.84159457,3.76826629,38.21831469
42.62000000,23.41805141,3.78616531,37.78617584
42.67000000,24.61926887,2.66165888,38.14240683
42.72000000,24.05542827,3.28755078,37.69156250
42.77000000,24.39862692,3.12421447,38.09932266
42.82000000,23.89444660,3.26874837,37.34320321
42.87000000,24.06153004,3.61845140,37.60685074
42.92000000,23.74729493,2.92368976,38.42177075
42.97000000,24.99367792,3.47907604,38.02947275
43.02000000,24.69338713,2.71910968,38.39678921
43.07000000,24.48112549,3.31208103,38.21711142
43.12000000,24.27554657,2.44333292,37.29350093
43.17000000,24.45910845,3.82831994,37.56671347
43.22000000,23.78683549,3.02024243,38.89442486
43.27000000,24.75071047,3.31380620,38.34403006
43.32000000,24.80057784,2.74828125,36.89545472
43.37000000,24.34831431,2.20594099,38.51403723
43.42000000,23.85939412,3.47874813,37.26150695
43.47000000,23.89177097,4.17080985,37.85910511
43.52000000,24.89600317,4.01976380,37.79379525
43.57000000,24.18950277,3.58455912,38.40934294
43.62000000,24.69487650,3.82561478,38.56443069
43.67000000,25.10906996,3.23301513,38.21917039
43.72000000,24.03735030,2.99239157,38.32886383
43.77000000,24.10591804,2.53064146,37.98674504
43.82000000,25.00988294,2.58655347,37.94071235
43.87000000,24.84851784,2.64222035,39.04462816
43.92000000,24.55500192,3.19490178,38.48368847
43.97000000,23.78417325,3.03873117,38.00888882
44.02000000,24.68875312,3.68780087,37.18862410
44.07000000,24.78859475,3.33726597,37.67407934
44.12000000,24.83297826,3.43266954,37.80451749
44.17000000,24.35976263,3.45977234,38.81018240
44.22000000,24.67526302,3.47506319,38.94244131
44.27000000,24.68269831,2.98148506,36.52157100
44.32000000,25.12648845,3.91996146,37.82498673
44.37000000,24.29351913,2.61467940,38.18369510
44.42000000,24.16674682,2.19272098,37.94514859
44.47000000,24.97644862,2.97353627,36.58825890
44.52000000,24.41964176,2.83581971,38.50750616
44.57000000,24.16676597,3.10253288,37.69235618
44.62000000,24.85599256,4.08608304,37.12896235
44.67000000,24.69233395,3.82843993,38.24196874
44.72000000,23.80414803,3.30203033,37.49699644
44.77000000,24.86017431,4.03847176,38.23185293
44.82000000,23.96885103,3.73925105,37.82093151
44.87000000,25.11746019,3.66502011,37.73290097
44.92000000,24.96418850,3.67173870,37.51096830
44.97000000,25.30192496,3.35740528,38.18414672
45.02000000,24.27834577,2.69006220,38.39360904
45.07000000,24.85194019,3.53289789,37.97173254
45.12000000,25.03260054,2.28978439,37.81273703
45.17000000,23.97964530,3.32057223,38.29989680
45.22000000,25.48372359,3.54031601,38.33574400
45.27000000,24.60980607,3.61140680,37.99678858
45.32000000,24.68115508,3.49441835,38.38385775
45.37000000,24.21318638,3.84869740,37.37100099
45.42000000,24.70865562,3.17700474,37.07523956
45.47000000,24.97110620,3.39068767,38.25427618
45.52000000,24.65788457,2.88811080,37.19999284
45.57000000,24.87961567,3.09813346,37.71672729
45.62000000,24.75918391,3.17077975,38.71601805
45.67000000,24.62363700,3.16734806,38.22286578
45.72000000,24.19860751,2.70772449,39.12679294
45.77000000,25.02841546,3.15704488,38.63942400
45.82000000,24.43938573,3.60667276,38.25574862
45.87000000,25.08891832,2.94103959,37.68535486
45.92000000,24.45348472,2.54826537,38.12744857
45.97000000,25.06062968,3.83415959,38.09479772
46.02000000,24.74584124,2.50515070,38.74249068
46.07000000,24.25638954,3.25858025,38.27796970
46.12000000,24.43513217,3.46192612,39.22628225
46.17000000,23.70961028,4.79313951,38.21061145
46.22000000,24.87784765,2.27035503,37.20936089
46.27000000,24.31879934,3.10639130,37.36706162
46.32000000,24.43137649,2.50638011,39.16629635
46.37000000,25.09217889,3.23346249,38.22781645
46.42000000,24.66169840,3.66597549,38.10456000
46.47000000,23.37007571,2.80066520,37.90774696
46.52000000,24.59723157,2.28878348,38.22157836
46.57000000,24.61539040,2.59652677,38.74261429
46.62000000,23.79665323,2.89740869,38.45131841
46.67000000,24.03421088,2.85808359,38.83445167
46.72000000,24.99313409,3.58178074,37.60410633
46.77000000,24.27699052,3.53692498,38.06668474
46.82000000,24.84725763,2.97386810,38.00066198
46.87000000,24.22487089,3.07195433,37.93536158
46.92000000,24.60431791,3.35904618,36.91180529
46.97000000,24.38105991,2.57460321,38.29190453
47.02000000,24.09314965,2.95357714,38.11815566
47.07000000,25.81219769,4.33040466,37.41755307
47.12000000,24.34186309,2.33399849,37.34299473
47.17000000,24.36036197,3.26153269,38.44334788
47.22000000,24.06417495,3.13126532,37.82959135
47.27000000,24.32314683,2.66933185,37.60365384
47.32000000,24.91759243,2.69331266,37.45895621
47.37000000,23.99171188,4.03930215,38.20035692
47.42000000,25.18609529,3.04208698,37.80882938
47.47000000,24.02280266,3.67403241,37.68734300
47.52000000,25.01467808,4.07693649,37.72653431
47.57000000,24.49720228,2.63028979,38.43217867
47.62000000,23.71205787,3.13626518,38.02740708
47.67000000,25.59342606,2.52043989,38.51960981
47.72000000,24.60474947,3.44557383,38.25920458
47.77000000,23.46962158,2.64661067,38.55805844
47.82000000,23.91903399,3.44817746,38.34051850
47.87000000,24.48903620,3.44835858,38.50578327
47.92000000,25.12159790,2.14112606,38.09493607
47.97000000,24.59892718,2.83605879,37.29134081
48.02000000,23.36956528,3.24404427,38.38582335
48.07000000,25.03243429,2.57104160,37.48678000
48.12000000,25.20171596,3.54589031,38.05866031
48.17000000,24.48742362,2.80561065,38.73896610
48.22000000,24.26412862,3.49506337,37.77348607
48.27000000,24.01626064,2.62354000,37.94456861
48.32000000,24.47642289,3.57322461,38.82798894
48.37000000,24.34588632,2.85036359,38.39606129
48.42000000,23.53132738,2.89916145,37.79353245
48.47000000,23.98179274,3.21166186,37.02086931
48.52000000,25.05399817,3.78058553,37.58550952
48.57000000,25.50920740,3.75292215,37.61522143
48.62000000,25.00556096,3.53157410,38.20700233
48.67000000,25.00946398,3.51072491,37.85777790
48.72000000,25.02317431,3.44174185,38.25553895
48.77000000,23.97544499,3.34030344,38.02898728
48.82000000,24.95159824,3.26594143,38.25747211
48.87000000,23.72717080,3.63125395,37.51019645
48.92000000,25.19629340,3.53480702,37.36983186
48.97000000,23.91097647,3.69089938,38.58878868
49.02000000,25.24591057,3.36026716,37.92919812
49.07000000,23.80205735,3.18199538,38.04338430
49.12000000,24.41829813,3.42209104,37.47956860
49.17000000,24.74075211,3.42054808,37.77922380
49.22000000,25.59439074,3.54750618,37.88802349
49.27000000,24.50435931,3.26266630,38.12171475
49.32000000,25.30755112,3.52492764,37.30939230
49.37000000,24.14055877,2.98537859,37.38823409
49.42000000,24.51099390,2.94613378,37.98282472
49.47000000,25.46093128,3.64922916,38.19902779
49.52000000,25.22214046,3.48896797,37.96871737
49.57000000,24.49289918,3.65876478,36.87228050
49.62000000,24.15297406,2.21751850,37.68469160
49.67000000,25.06069426,2.59622981,37.91527418
49.72000000,24.35162467,2.93906472,38.58586917
49.77000000,24.22596653,2.63680472,37.36663822
49.82000000,25.14274649,3.17737834,38.20813005
49.87000000,24.12857400,3.05616353,38.84014987
49.92000000,24.72990734,3.35026527,39.48323441
49.97000000,24.95874885,3.02176146,38.07167757
50.02000000,24.50360518,3.15988859,37.98829168
50.07000000,24.29240418,3.64323594,37.78402230
50.12000000,23.94784186,2.84114615,38.19572082
50.17000000,25.11613291,2.99663995,37.61184531
50.22000000,24.78473990,2.97748797,38.54525838
50.27000000,24.42504381,4.11749021,37.84374601
50.32000000,24.31093049,3.20051621,37.03464724
50.37000000,24.47279058,4.09525347,38.22282318
50.42000000,23.96367546,3.63955556,37.71280108
50.47000000,24.57521461,3.14724169,37.83644752
50.52000000,24.55234845,2.05810961,37.74588269
50.57000000,24.59426159,2.90461037,37.37088452
50.62000000,24.73875702,4.20258117,37.60572158
50.67000000,23.97162935,2.89124446,38.10614856
50.72000000,24.66313122,2.84684962,38.08454757
50.77000000,24.62802134,3.61824075,37.32853629
50.82000000,24.96950869,2.76512593,37.76435420
50.87000000,23.72829951,3.03148467,38.07604934
50.92000000,24.82665838,3.12094057,38.13189235
50.97000000,24.93864546,3.13403257,38.05774870
51.02000000,24.78466294,3.54506604,38.10926943
51.07000000,24.61269786,2.93164996,38.63701104
51.12000000,23.54369814,3.34741554,36.77891386
51.17000000,24.34527837,3.15228125,37.04080362
51.22000000,23.95310947,2.41639461,37.28545111
51.27000000,24.43083792,3.24513498,38.25247286
51.32000000,24.56326225,3.78056583,37.04408050
51.37000000,24.58995750,2.98532484,38.15110296
51.42000000,25.15068764,3.16695736,38.54320341
51.47000000,24.61565238,3.48950139,38.84309904
51.52000000,24.24517616,3.64921863,37.73537620
51.57000000,24.19130258,2.40403716,38.22310614
51.62000000,24.98847702,3.71198345,39.47703394
51.67000000,24.70057921,3.39505908,38.09844992
51.72000000,24.66406173,3.19465331,37.19279722
51.77000000,24.47883553,2.90791337,38.06321127
51.82000000,24.79821167,3.82190044,38.60511058
51.87000000,24.45279083,3.40640663,37.56195673
51.92000000,24.13137719,2.86627734,37.62792858
51.97000000,24.47237239,3.31987042,38.06945839
52.02000000,23.64250116,2.53886205,37.98580193
52.07000000,24.92011384,3.34164470,37.85530157
52.12000000,24.70293477,2.60743776,38.91348381
52.17000000,25.01142963,3.04653962,38.44096370
52.22000000,24.97340761,2.88424524,37.98048701
52.27000000,24.97293106,3.53787199,38.30782211
52.32000000,24.19566813,3.45527888,37.97842375
52.37000000,24.59608618,2.95116666,38.48467141
52.42000000,24.57955422,2.85477383,38.30145814
52.47000000,24.21904756,3.74846791,38.06367424
52.52000000,25.67312216,2.73929039,37.49686638
52.57000000,24.29831235,2.89811102,37.98206416
52.62000000,23.77142910,4.08617777,38.29065074
52.67000000,24.44514395,2.79153435,37.65831138
52.72000000,24.97443485,3.11061835,38.65735723
52.77000000,24.67488946,2.75558709,37.56508691
52.82000000,24.91530362,3.00445894,38.47827830
52.87000000,25.00497573,3.87204793,38.96178367
52.92000000,23.42116092,3.08341746,38.10371839
52.97000000,24.53808046,3.43443647,37.33292113
53.02000000,24.44511906,3.37172455,37.69038801
53.07000000,24.34764363,2.85371204,37.85264887
53.12000000,24.28941510,2.72652117,37.43056751
53.17000000,25.05361173,3.71691572,38.16271515
53.22000000,24.20350864,2.14820154,38.07944067
53.27000000,23.62447163,2.70652500,37.83532248
53.32000000,24.24476505,3.56718211,37.13693152
53.37000000,24.96555064,3.39586906,38.02715821
53.42000000,24.81732090,3.74137641,38.24781590
53.47000000,24.97303627,4.64682944,37.84292919
53.52000000,24.88373171,2.70586868,37.26191813
53.57000000,24.75124022,2.68224790,36.76004628
53.62000000,25.23139136,3.49613139,38.23321293
53.67000000,25.08217582,3.22538301,38.33351459
53.72000000,24.26654490,2.39268556,38.63872176
53.77000000,25.04537176,2.70159848,38.68386354
53.82000000,24.13267334,3.43032736,39.19698164
53.87000000,24.17624036,3.79228726,38.18510135
53.92000000,24.67583519,3.61241457,37.91131706
53.97000000,24.16380462,2.80942984,37.98179232
54.02000000,24.08270189,3.20306923,38.43142433
54.07000000,24.84796624,3.01116684,36.53018650
54.12000000,24.83412204,3.38224455,38.31050711
54.17000000,25.40666460,2.57021298,38.09455445
54.22000000,23.88695597,2.67713845,37.66084261
54.27000000,24.79572589,2.38535222,38.15878412
54.32000000,24.84796675,3.09098599,38.67049149
54.37000000,25.22575657,2.21841367,38.85150573
54.42000000,24.00489735,2.69821198,37.82761657
54.47000000,24.41292927,3.42108697,38.15053263
54.52000000,24.67802839,3.51791264,37.46585367
54.57000000,24.43813765,3.77362375,38.17959579
54.62000000,24.69440808,3.66280452,37.82179969
54.67000000,24.94285694,2.58332986,38.25123301
54.72000000,24.30059852,3.14316160,38.70641673
54.77000000,24.54807990,3.87670604,37.09294513
54.82000000,23.91171236,3.93126557,38.46892255
54.87000000,24.93406600,3.16531903,37.40301913
54.92000000,24.20479310,2.20500655,38.59186396
54.97000000,25.41095661,2.93854487,37.97593332
55.02000000,25.05904165,2.72687209,38.53701595
55.07000000,24.26260949,3.21667869,38.85111451
55.12000000,23.70662141,3.23631137,37.69855740
55.17000000,24.23908122,2.60174905,38.18609058
55.22000000,24.42741894,3.88067036,37.95215961
55.27000000,24.45190133,2.79070551,39.35919132
55.32000000,23.39484659,2.37717863,37.69535461
55.37000000,23.49936264,3.53007392,37.73031315
55.42000000,24.47772211,2.58946690,37.59964412
55.47000000,24.21045066,2.62084647,38.07357607
55.52000000,23.59055762,3.57095639,38.51679406
55.57000000,24.81817925,3.82002862,38.36977361
55.62000000,24.81247525,2.95372726,37.64072525
55.67000000,24.85508699,2.48831083,37.55702316
55.72000000,23.95453497,2.45410517,38.25032417
55.77000000,24.77945373,3.43639076,38.41071746
55.82000000,24.62956241,2.85312305,38.05232928
55.87000000,24.21810713,3.91783743,38.09037354
55.92000000,23.78872246,3.07967093,37.95565115
55.97000000,24.93302248,3.73025506,38.76448673
56.02000000,23.89091436,3.36423191,37.76897678
56.07000000,24.34678830,4.62836286,37.89216140
56.12000000,24.60555748,2.61652419,38.18668428
56.17000000,25.09661224,3.13236654,38.15797889
56.22000000,25.63964627,3.06484505,38.26762257
56.27000000,24.13702043,3.12774605,37.97258424
56.32000000,24.59587390,3.19935940,37.95328578
56.37000000,24.31894683,3.98220588,37.61138553
56.42000000,23.77783102,2.53564612,37.86530457
56.47000000,24.65552277,3.00235568,38.55393140
56.52000000,24.16488449,3.74663257,38.21069497
56.57000000,24.55305289,2.44335609,37.27814068
56.62000000,23.73210664,3.25727338,38.07313288
56.67000000,24.40437206,3.19038715,37.84757827
56.72000000,24.29387078,2.91178436,37.91117416
56.77000000,23.99995829,3.77717561,37.67782280
56.82000000,23.89965727,2.29757552,38.11951941
56.87000000,24.64814556,3.60631956,38.37193861
56.92000000,24.41616483,3.71180126,38.30701614
56.97000000,24.56125940,2.98903145,38.33173159
57.02000000,24.53057141,3.60543066,38.64241948
57.07000000,24.88001287,2.97606056,38.62888574
57.12000000,24.48593166,3.15418785,37.86435728
57.17000000,24.60941277,2.62498012,37.51972302
57.22000000,24.18750889,3.64316748,37.87164504
57.27000000,24.07465041,2.89918399,38.66923885
57.32000000,25.36701131,3.12038285,39.05752038
57.37000000,24.28962308,2.89362079,38.37409269
57.42000000,25.22112568,3.56952617,37.65213408
57.47000000,25.13750706,3.54639119,37.34310597
57.52000000,23.90955739,3.08362951,38.19347012
57.57000000,24.46640253,3.78910698,37.77585481
57.62000000,24.52250000,3.07477114,37.34472115
57.67000000,23.77773444,3.34474430,37.76123212
57.72000000,24.04214755,1.92870656,37.95064904
57.77000000,24.92631741,3.03051480,37.84459305
57.82000000,24.38629064,3.87305439,38.10002639
57.87000000,23.69352777,3.09841394,39.19330722
57.92000000,24.21463072,2.83800678,38.67836220
57.97000000,24.26301594,2.49962023,38.55937862
58.02000000,24.88520713,3.50285514,37.82360038
58.07000000,25.96425059,3.43663456,38.17489909
58.12000000,24.45554588,3.35755845,38.20432143
58.17000000,25.07466161,2.22882873,37.43904474
58.22000000,24.62257997,4.36804685,37.51346598
58.27000000,24.33609893,3.05558514,37.48308665
58.32000000,24.64571324,2.86042374,37.38805026
58.37000000,24.63308058,1.78425098,38.48373886
58.42000000,23.70129637,4.16768163,37.99551405
58.47000000,24.11453727,3.60830653,38.74287384
58.52000000,24.51132166,3.59748039,37.91854086
58.57000000,23.95429518,2.72758745,37.03788321
58.62000000,24.35063172,3.50593864,38.00018766
58.67000000,25.16346915,3.91784440,38.68860257
58.72000000,24.35093860,4.41108566,36.94061035
58.77000000,24.79670885,2.90040108,38.72212636
58.82000000,25.21459785,3.79439238,37.39205942
58.87000000,24.01409066,3.10090851,37.33330992
58.92000000,24.47248438,3.93293789,38.26113283
58.97000000,24.12859738,3.68482156,37.54427131
59.02000000,23.89984203,2.89059936,38.29310393
59.07000000,23.88396815,2.88035038,37.84685963
59.12000000,24.90126012,3.34591559,37.91522930
59.17000000,24.65894280,3.87732483,38.39026043
59.22000000,24.93926571,3.17868705,38.53912576
59.27000000,24.42579152,3.27170718,37.95276771
59.32000000,25.17739528,2.91119539,37.69730911
59.37000000,24.84874903,3.54203671,38.10157141
59.42000000,24.29133678,2.66512218,38.09565538
59.47000000,23.85894504,3.45824352,37.40093451
59.52000000,24.75761873,3.14822177,38.15293801
59.57000000,24.40509104,3.06378519,38.15869241
59.62000000,23.64329085,2.86156175,38.66244302
59.67000000,25.18578181,3.58017435,38.12483681
59.72000000,24.45094070,3.96670744,37.41992910
59.77000000,24.65419883,2.83136205,38.39370508
59.82000000,24.84309032,3.54368833,38.38356691
59.87000000,23.61809202,3.48429030,38.13615830
59.92000000,24.31340519,4.11530508,37.37637830
59.97000000,24.85030066,2.71685474,38.03024623
